id,name,read,pattern,sequence,feature_type
CD230,CD230,R2,5P(BC),CAGGTCCCTTATTTC,Antibody Capture
C5L2,C5L2,R2,5P(BC),ACAATTTGTCTGCGA,Antibody Capture
CD10,CD10,R2,5P(BC),CAGCCATTCATTAGG,Antibody Capture
CD101,CD101,R2,5P(BC),CTACTTCCCTGTCAA,Antibody Capture
CD102,CD102,R2,5P(BC),TGACCTTCCTCTCCT,Antibody Capture
CD103,CD103,R2,5P(BC),GACCTCATTGTGAAT,Antibody Capture
CD105,CD105,R2,5P(BC),ATCGTCGAGAGCTAG,Antibody Capture
CD106,CD106,R2,5P(BC),TCACAGTTCCTTGGA,Antibody Capture
CD109,CD109,R2,5P(BC),CACTTAACTCTGGGT,Antibody Capture
CD110,CD110,R2,5P(BC),TGTTGTAAGATGCCA,Antibody Capture
CD112,CD112,R2,5P(BC),AACCTTCCGTCTAAG,Antibody Capture
CD115,CD115,R2,5P(BC),AATCACGGTCCTTGT,Antibody Capture
CD116,CD116,R2,5P(BC),ATGGACAGTTCGTGT,Antibody Capture
CD117,CD117,R2,5P(BC),AGACTAATAGCTGAC,Antibody Capture
CD119,CD119,R2,5P(BC),TGTGTATTCCCTTGT,Antibody Capture
CD11a,CD11a,R2,5P(BC),TATATCCTTGTGAGC,Antibody Capture
CD11b,CD11b,R2,5P(BC),GACAAGTGATCTGCA,Antibody Capture
CD11c,CD11c,R2,5P(BC),TACGCCTATAACTTG,Antibody Capture
CD123,CD123,R2,5P(BC),CTTCACTCTGTCAGG,Antibody Capture
CD127,CD127,R2,5P(BC),GTGTGTTGTCCTATG,Antibody Capture
CD13,CD13,R2,5P(BC),TTTCAACGCCCTTTC,Antibody Capture
CD133,CD133,R2,5P(BC),GTAAGACGCCTATGC,Antibody Capture
CD135,CD135,R2,5P(BC),CAGTAGATGGAGCAT,Antibody Capture
CD138,CD138,R2,5P(BC),GTATAGACCAAAGCC,Antibody Capture
CD140b,CD140b,R2,5P(BC),CAATGGTTCACTGCC,Antibody Capture
CD141,CD141,R2,5P(BC),GGATAACCGCGCTTT,Antibody Capture
CD14,CD14,R2,5P(BC),TCTCAGACCTCCGTA,Antibody Capture
CD150,CD150,R2,5P(BC),GTCATTGTATGTCTG,Antibody Capture
CD151,CD151,R2,5P(BC),CTTACCTAGTCATTC,Antibody Capture
CD154,CD154,R2,5P(BC),GCTAGATAGATGCAA,Antibody Capture
CD155,CD155,R2,5P(BC),ATCACATCGTTGCCA,Antibody Capture
CD158e1,CD158e1,R2,5P(BC),GGACGCTTTCCTTGA,Antibody Capture
CD158f,CD158f,R2,5P(BC),AAAGTGATGCCACTG,Antibody Capture
CD15,CD15,R2,5P(BC),TCACCAGTACCTAGT,Antibody Capture
CD16,CD16,R2,5P(BC),AAGTTCACTCTTTGC,Antibody Capture
CD162,CD162,R2,5P(BC),ATATGTCAGAGCACC,Antibody Capture
CD163,CD163,R2,5P(BC),GCTTCTCCTTCCTTA,Antibody Capture
CD164,CD164,R2,5P(BC),GAGGCACTTAACATA,Antibody Capture
CD172a,CD172a,R2,5P(BC),CGTGTTTAACTTGAG,Antibody Capture
CD177,CD177,R2,5P(BC),AGTATGGAGCCATAT,Antibody Capture
CD18,CD18,R2,5P(BC),TATTGGGACACTTCT,Antibody Capture
CD183,CD183,R2,5P(BC),GCGATGGTAGATTAT,Antibody Capture
CD185,CD185,R2,5P(BC),AATTCAACCGTCGCC,Antibody Capture
CD186,CD186,R2,5P(BC),GACAGTCGATGCAAC,Antibody Capture
CD19,CD19,R2,5P(BC),CTGGGCAATTACTCG,Antibody Capture
CD192,CD192,R2,5P(BC),GAGTTCCCTTACCTG,Antibody Capture
CD1a,CD1a,R2,5P(BC),GATCGTGTTGTGTTA,Antibody Capture
CD1d,CD1d,R2,5P(BC),TCGAGTCGCTTATCA,Antibody Capture
CD2,CD2,R2,5P(BC),TACGATTTGTCAGGG,Antibody Capture
CD200,CD200,R2,5P(BC),CACGTAGACCTTTGC,Antibody Capture
CD201,CD201,R2,5P(BC),GTTTCCTTGACCAAG,Antibody Capture
CD202b,CD202b,R2,5P(BC),CGATCCCTTACCTAT,Antibody Capture
CD205,CD205,R2,5P(BC),CTATCGTTTGATGCA,Antibody Capture
CD226,CD226,R2,5P(BC),AGACCAACTCATTCA,Antibody Capture
CD235a,CD235a,R2,5P(BC),AGAGTATGTATGGGA,Antibody Capture
CD24,CD24,R2,5P(BC),AGATTCCTTCGTGTT,Antibody Capture
CD25,CD25,R2,5P(BC),TTTGTCCTGTACGCC,Antibody Capture
CD26,CD26,R2,5P(BC),GGTGGCTAGATAATG,Antibody Capture
CD27,CD27,R2,5P(BC),GCACTCCTGCATGTA,Antibody Capture
CD271,CD271,R2,5P(BC),AACCGCGCTTCAGAT,Antibody Capture
CD274,CD274,R2,5P(BC),GTTGTCCGACAATAC,Antibody Capture
CD279,CD279,R2,5P(BC),ACAGCGCCGTATTTA,Antibody Capture
CD28,CD28,R2,5P(BC),TGAGAACGACCCTAA,Antibody Capture
CD29,CD29,R2,5P(BC),GTATTCCCTCAGTCA,Antibody Capture
CD304,CD304,R2,5P(BC),GGACTAAGTTTCGTT,Antibody Capture
CD305,CD305,R2,5P(BC),ATTTCCATTCCCTGT,Antibody Capture
CD309,CD309,R2,5P(BC),TTCACGCAGTAAGAT,Antibody Capture
CD32,CD32,R2,5P(BC),GCTTCCGAATTACCG,Antibody Capture
CD325,CD325,R2,5P(BC),CCTTCCCTTTCCTCT,Antibody Capture
CD326,CD326,R2,5P(BC),TTCCGAGCAAGTATC,Antibody Capture
CD33,CD33,R2,5P(BC),TAACTCAGGGCCTAT,Antibody Capture
CD335,CD335,R2,5P(BC),ACAATTTGAACAGCG,Antibody Capture
CD34,CD34,R2,5P(BC),GCAGAAATCTCCCTT,Antibody Capture
CD35,CD35,R2,5P(BC),ACTTCCGTCGATCTT,Antibody Capture
CD354,CD354,R2,5P(BC),TAGCCGTTTCCTTTG,Antibody Capture
CD36,CD36,R2,5P(BC),TTCTTTGCCTTGCCA,Antibody Capture
CD366,CD366,R2,5P(BC),TGTCCTACCCAACTT,Antibody Capture
CD37,CD37,R2,5P(BC),ACAGTCACTGGGCAA,Antibody Capture
CD38,CD38,R2,5P(BC),TGTACCCGCTTGTGA,Antibody Capture
CD41,CD41,R2,5P(BC),ACGTTGTGGCCTTGT,Antibody Capture
CD42b,CD42b,R2,5P(BC),TCCTAGTACCGAAGT,Antibody Capture
CD43,CD43,R2,5P(BC),GATTAACCAGCTCAT,Antibody Capture
CD45RA,CD45RA,R2,5P(BC),TCAATCCTTCCGCTT,Antibody Capture
CD45RB,CD45RB,R2,5P(BC),AGATGGGACTCACCA,Antibody Capture
CD45RO,CD45RO,R2,5P(BC),CTCCGAATCATGTTG,Antibody Capture
CD45,CD45,R2,5P(BC),TCCCTTGCGATTTAC,Antibody Capture
CD47,CD47,R2,5P(BC),GCATTCTGTCACCTA,Antibody Capture
CD49b,CD49b,R2,5P(BC),GCTTTCTTCAGTATG,Antibody Capture
CD4,CD4,R2,5P(BC),TGTTCCCGCTCAACT,Antibody Capture
CD5,CD5,R2,5P(BC),CATTAACGGGATGCC,Antibody Capture
CD52,CD52,R2,5P(BC),CTTTGTACGAGCAAA,Antibody Capture
CD54,CD54,R2,5P(BC),CTGATAGACTTGAGT,Antibody Capture
CD55,CD55,R2,5P(BC),GCTCATTACCCATTA,Antibody Capture
CD56,CD56,R2,5P(BC),TCCTTTCCTGATAGG,Antibody Capture
CD57,CD57,R2,5P(BC),AACTCCCTATGGAGG,Antibody Capture
CD58,CD58,R2,5P(BC),GTTCCTATGGACGAC,Antibody Capture
CD59,CD59,R2,5P(BC),AATTAGCCGTCGAGA,Antibody Capture
CD61,CD61,R2,5P(BC),AGGTTGGAGTAGACT,Antibody Capture
CD62L,CD62L,R2,5P(BC),GTCCCTGCAACTTGA,Antibody Capture
CD62P,CD62P,R2,5P(BC),CCTTCCGTATCCCTT,Antibody Capture
CD63,CD63,R2,5P(BC),GAGATGTCTGCAACT,Antibody Capture
CD64,CD64,R2,5P(BC),AAGTATGCCCTACGA,Antibody Capture
CD69,CD69,R2,5P(BC),GTCTCTTGGCTTAAA,Antibody Capture
CD7,CD7,R2,5P(BC),TGGATTCCCGGACTT,Antibody Capture
CD71,CD71,R2,5P(BC),CCGTGTTCCTCATTA,Antibody Capture
CD72,CD72,R2,5P(BC),CAGTCGTGGTAGATA,Antibody Capture
CD73,CD73,R2,5P(BC),CAGTTCCTCAGTTCG,Antibody Capture
CD8,CD8,R2,5P(BC),GCGCAACTTGATGAT,Antibody Capture
CD81,CD81,R2,5P(BC),GTATCCTTCCTTGGC,Antibody Capture
CD82,CD82,R2,5P(BC),TCCCACTTCCGCTTT,Antibody Capture
CD83,CD83,R2,5P(BC),CCACTCATTTCCGGT,Antibody Capture
CD84,CD84,R2,5P(BC),CTCCCTAGTTCCTTT,Antibody Capture
CD85g,CD85g,R2,5P(BC),TGTCAGTTCCTATGA,Antibody Capture
CD9,CD9,R2,5P(BC),GAGTCACCAATCTGC,Antibody Capture
CD90,CD90,R2,5P(BC),GCATTGTACGATTCA,Antibody Capture
CD93,CD93,R2,5P(BC),GCGCTACTTCCTTGA,Antibody Capture
CD98,CD98,R2,5P(BC),GCACCAACAGCCATT,Antibody Capture
CLEC1B,CLEC1B,R2,5P(BC),TGCCAGTATCACGTA,Antibody Capture
Cadherin11,Cadherin11,R2,5P(BC),CGTTGCCATTAACCA,Antibody Capture
FRB,FRB,R2,5P(BC),TGTGGCTAGTCAGTT,Antibody Capture
FceRIa,FceRIa,R2,5P(BC),CTCGTTTCCGTATCG,Antibody Capture
GARP,GARP,R2,5P(BC),AGGTATGGTAGAGTA,Antibody Capture
GPR56,GPR56,R2,5P(BC),GCCTAGTTTCCGTTT,Antibody Capture
HLA-A-B-C,HLA-A-B-C,R2,5P(BC),TATGCGAGGCTTATC,Antibody Capture
HLA-DR-DP-DQ,HLA-DR-DP-DQ,R2,5P(BC),AGCTACGAGCAGTAG,Antibody Capture
HLA-E,HLA-E,R2,5P(BC),GAGTCGAGAAATCAT,Antibody Capture
KLRG1,KLRG1,R2,5P(BC),CTTATTTCCTGCCCT,Antibody Capture
Notch1,Notch1,R2,5P(BC),AATCTGTAGTGCGTT,Antibody Capture
Notch3,Notch3,R2,5P(BC),CTATTGGACGTATCT,Antibody Capture
TIM-4,TIM-4,R2,5P(BC),CGTCATATAGTATGG,Antibody Capture
TSPAN33,TSPAN33,R2,5P(BC),GAGTTCGTTGTTCCA,Antibody Capture
TCRab,TCRab,R2,5P(BC),CGTAACGTAGAGCGA,Antibody Capture
TCRgd,TCRgd,R2,5P(BC),CTTCCGATTCATTCA,Antibody Capture
XCR1,XCR1,R2,5P(BC),AAGACGCATGTCAAC,Antibody Capture
CD44,CD44,R2,5P(BC),TGGCTTCAGGTCCTA,Antibody Capture
CD49f,CD49f,R2,5P(BC),TTCCGAGGATGATCT,Antibody Capture
IntegrinB7,IntegrinB7,R2,5P(BC),TCCTTGGATGTACCG,Antibody Capture
RatIgG1-d,RatIgG1-d,R2,5P(BC),GGGAGCGATTCAACT,Antibody Capture
ArmenianHamsterIgG,ArmenianHamsterIgG,R2,5P(BC),CCTGTCATTAAGACT,Antibody Capture
MouseIgG2a-k,MouseIgG2a-k,R2,5P(BC),CTCCTACCTAAACTG,Antibody Capture
MouseIgG1-k,MouseIgG1-k,R2,5P(BC),GCCGGACGACATTAA,Antibody Capture
MouseIgG2b-k,MouseIgG2b-k,R2,5P(BC),ATATGTATCACGCGA,Antibody Capture
RatIgG1-k,RatIgG1-k,R2,5P(BC),ATCAGATGCCCTCAT,Antibody Capture
RatIgG2a-k,RatIgG2a-k,R2,5P(BC),AAGTCAGGTTCGTTT,Antibody Capture
RatIgG2c-k,RatIgG2c-k,R2,5P(BC),TCCAGGCTAGTCATT,Antibody Capture
RatIgG2b-k,RatIgG2b-k,R2,5P(BC),GATTCTTGACGACCT,Antibody Capture
IgGFc,IgGFc,R2,5P(BC),CTGGAGCGATTAGAA,Antibody Capture
Hashtag1,Hashtag1,R2,5P(BC),GTCAACTCTTTAGCG,Antibody Capture
Hashtag2,Hashtag2,R2,5P(BC),TGATGGCCTATTGGG,Antibody Capture
Hashtag3,Hashtag3,R2,5P(BC),TTCCGCCTCTCTTTG,Antibody Capture
Hashtag4,Hashtag4,R2,5P(BC),AGTAAGTTCAGCGTA,Antibody Capture
Hashtag5,Hashtag5,R2,5P(BC),AAGTATCGTTTCGCA,Antibody Capture
Hashtag6,Hashtag6,R2,5P(BC),GGTTGCCAGATGTCA,Antibody Capture
Hashtag7,Hashtag7,R2,5P(BC),TGTCTTTCCTGCCAG,Antibody Capture
Hashtag8,Hashtag8,R2,5P(BC),CTCCTCTGCAATTAC,Antibody Capture
Hashtag9,Hashtag9,R2,5P(BC),CAGTAGTCACGGTCA,Antibody Capture
Hashtag10,Hashtag10,R2,5P(BC),ATTGACCCGCGTTAG,Antibody Capture
Hashtag11,Hashtag11,R2,5P(BC),CGATTGTAGACCTTT,Antibody Capture
Hashtag12,Hashtag12,R2,5P(BC),TAACGACCAGCCATA,Antibody Capture
Hashtag13,Hashtag13,R2,5P(BC),AAATCTCTCAGGCTC,Antibody Capture
Hashtag14,Hashtag14,R2,5P(BC),CTGTATGTCCGATTG,Antibody Capture
Hashtag15,Hashtag15,R2,5P(BC),TAAGATTCAGAGCGA,Antibody Capture
Hashtag16,Hashtag16,R2,5P(BC),CTCAGTGCATTCTGG,Antibody Capture
Hashtag17,Hashtag17,R2,5P(BC),GCATTCTGTGCTATC,Antibody Capture
Hashtag18,Hashtag18,R2,5P(BC),CAAACCAACAGTTCG,Antibody Capture
Hashtag19,Hashtag19,R2,5P(BC),ACCCTTCCCTTCGTT,Antibody Capture
Hashtag20,Hashtag20,R2,5P(BC),TAACCACTGGATGAT,Antibody Capture
Hashtag21,Hashtag21,R2,5P(BC),ACGTTGTGCATTGAC,Antibody Capture
Hashtag22,Hashtag22,R2,5P(BC),CAAGGTGGCCTGTAT,Antibody Capture
Hashtag23,Hashtag23,R2,5P(BC),ACCTGCAACTCATTC,Antibody Capture
Hashtag24,Hashtag24,R2,5P(BC),GGTTGTTGTTAGTGG,Antibody Capture
